[{
    "BaseName": "base-mobile",
    "Sub": [{
        "GroupType": "Module",
        "Type": 0,
        "ht": "",
        "ct": "<span><a href=\"#\"><p>主選單</p></a></span>",
        "ft": "",
        "Class": "simple-text btn",
        "func": "{'toggleBtn':{'bindNode':'.ct','targetNode':'.base-mobile','targetClass':'is-open'}}"
    }, {
        "GroupType": "Group",
        "Type": 3,
        "Class": "info",
        "func": "",
        "Sub": [{
            "GroupType": "FixedModuleString",
            "Name": "Search"
        }, {
            "GroupType": "FixedModuleString",
            "Name": "Menu",
            "func": "{'majorNavMobile':{}}"
        }, {
            "GroupType": "FixedModuleString",
            "Name": "HotKeyWord"
        }, {
            "GroupType": "FixedModuleString",
            "Name": "TopLink"
        }, {
            "GroupType": "FixedModuleString",
            "Name": "FooterLink"
        }, {
            "GroupType": "FixedModuleString",
            "Name": "ShareBox"
        },
        {
            "GroupType": "FixedModuleString",
            "Name": "Member"
                } 
]
    }]
}, {
    "BaseName": "base-header",
    "Sub": [{
        "GroupType": "FixedModuleString",
        "Name": "Accesskey_U"
    }, {
        "GroupType": "Group",
        "Type": 3,
        "Class": "info",
        "func": "",
        "Sub": [{
            "GroupType": "Group",
            "Type": 3,
            "Class": "msg-tool",
            "func": "",
            "Sub": [{
                    "GroupType": "FixedModuleString",
                    "Name": "Geo"
                }, 
                {
                    "GroupType": "FixedModuleString",
                    "Name": "Member"
                },
                {
                    "GroupType": "FixedModuleString",
                    "Name": "FontLevel",
                    "func": "{'fontSize':{}}"
                }, {
                    "GroupType": "FixedModuleString",
                    "Name": "ShareBox"
                }

            ]
        }]
    }, {
        "GroupType": "Group",
        "Type": 3,
        "Class": "kidsHead",
        "Sub": [{
            "GroupType": "Group",
            "Type": 3,
            "Class": "kidsNav",
            "Sub": [{
                    "GroupType": "FixedModuleString",
                    "Name": "TopLog"
                }, {
                    "GroupType": "FixedModuleString",
                    "Name": "MagaMenu",
                    "func": "{'hud':{},'majorNavHorizontal':{},'setNavWidth':{}}"
                }

            ]
        }, {
            "GroupType": "Group",
            "Type": 0,
            "ht": "搜尋",
            "Class": "kidsSearch",
            "func": "{'toggleBtn':{}}",
            "Sub": [{
                    "GroupType": "FixedModuleString",
                    "Name": "Search",
                    "func": "{'showDataList':{}}"
                }, {
                    "GroupType": "FixedModuleString",
                    "Name": "HotKeyWord"
                }

            ]
        }]
    }]
}, {
    "BaseName": "base-footer",
    "Sub": [{
        "GroupType": "FixedModuleString",
        "Name": "Accesskey_Z"
    }, {
        "GroupType": "Module",
        "Type": 0,
        "ht": "",
        "ct": "<span><a href=\"#\"></a></span>",
        "ft": "",
        "Class": "simple-text btn",
        "func": "{'toggleBtn':{'bindNode':'.ct','targetNode':'.base-footer .area-customize.nav','targetClass':'is-close','btnOrangeText':'open','btnActiveText':'close'}}"
    }, {
        "GroupType": "FixedModuleString",
        "Name": "Customer_Nav"
    }, {
        "GroupType": "Group",
        "Type": 3,
        "Class": "info",
        "func": "",
        "Sub": [{
            "GroupType": "FixedModuleString",
            "Name": "FooterLog"
        }, {
            "GroupType": "FixedModuleString",
            "Name": "FooterIcon"
        }, {
            "GroupType": "Group",
            "Type": 3,
            "Class": "msg-tool",
            "func": "",
            "Sub": [{
                "GroupType": "FixedModuleString",
                "Name": "FooterLink"
            }, {
                "GroupType": "FixedModuleString",
                "Name": "Lastupdated"
            }, {
                "GroupType": "FixedModuleString",
                "Name": "Footer_Visitcount"
            }, {
                "GroupType": "FixedModuleString",
                "Name": "Footer_Info",
                "func": "{'linkToMap':{'bindClass':'.map','linkClass':'is-map'}}"
            }]
        }]
    }]
}, 
{
    "BaseName": "page-header",
    "Sub": [{
        "GroupType": "FixedModuleString",
        "Name": "WebArchive_Breadcrumb"
    }, {
        "GroupType": "FixedModuleString",
        "Name": "WebArchive_Header"
    }, {
        "GroupType": "Group",
        "Type": 3,
        "Class": "info",
        "func": "",
        "Sub": [{
            "GroupType": "FixedModuleString",
            "Name": "Tools",
            "func": "{'toggleBtn':{}}"
        }, {
            "GroupType": "FixedModuleString",
            "Name": "WebArchive_OpenData",
            "func": "{'toggleBtn':{}}"
        }]
    }, {
        "GroupType": "FixedModuleString",
        "Name": "WebArchive_NextNodes"
    }, {
        "GroupType": "FixedModuleString",
        "Name": "WebArchive_TTS"
    }, {
        "GroupType": "FixedModuleString",
        "Name": "WebArchive_TopDesc"
    }]
},
        {
        "BaseName": "base-extend",
        "Sub": [
            {
                "GroupType": "Module",
                "Type": 0,
                "hd": "",
                "ct": "<span><a href=\"#\">回頂端</a></span>",
                "ft": "",
                "Class": "simple-text btn",
                "func": "{'anchor':{}}"
               }
        ]
    }
]
